time,i,j,lat,lon,RH;;;;;
2025-01-01_00:00:00;44;41;341.841;-118.611;46,27
2025-01-01_01:00:00;44;41;341.841;-118.611;46,41
2025-01-01_02:00:00;44;41;341.841;-118.611;31,55
2025-01-01_03:00:00;44;41;341.841;-118.611;34,72
2025-01-01_04:00:00;44;41;341.841;-118.611;42,88
2025-01-01_05:00:00;44;41;341.841;-118.611;42,91
2025-01-01_06:00:00;44;41;341.841;-118.611;39,14
2025-01-01_07:00:00;44;41;341.841;-118.611;40,85
2025-01-01_08:00:00;44;41;341.841;-118.611;40,23
2025-01-01_09:00:00;44;41;341.841;-118.611;37,29
2025-01-01_10:00:00;44;41;341.841;-118.611;35,26
2025-01-01_11:00:00;44;41;341.841;-118.611;32,84
2025-01-01_12:00:00;44;41;341.841;-118.611;31,21
2025-01-01_13:00:00;44;41;341.841;-118.611;28,32
2025-01-01_14:00:00;44;41;341.841;-118.611;27,47
2025-01-01_15:00:00;44;41;341.841;-118.611;30,95
2025-01-01_16:00:00;44;41;341.841;-118.611;31,41
2025-01-01_17:00:00;44;41;341.841;-118.611;27,08
2025-01-01_18:00:00;44;41;341.841;-118.611;22,92
2025-01-01_19:00:00;44;41;341.841;-118.611;19,92
2025-01-01_20:00:00;44;41;341.841;-118.611;17,31
2025-01-01_21:00:00;44;41;341.841;-118.611;16,33
2025-01-01_22:00:00;44;41;341.841;-118.611;17,62
2025-01-01_23:00:00;44;41;341.841;-118.611;27,09
2025-01-02_00:00:00;44;41;341.841;-118.611;34,40
2025-01-02_01:00:00;44;41;341.841;-118.611;35,43
2025-01-02_02:00:00;44;41;341.841;-118.611;31,08
2025-01-02_03:00:00;44;41;341.841;-118.611;24,47
2025-01-02_04:00:00;44;41;341.841;-118.611;21,83
2025-01-02_05:00:00;44;41;341.841;-118.611;20,55
2025-01-02_06:00:00;44;41;341.841;-118.611;21,69
2025-01-02_07:00:00;44;41;341.841;-118.611;21,34
2025-01-02_08:00:00;44;41;341.841;-118.611;22,70
2025-01-02_09:00:00;44;41;341.841;-118.611;22,67
2025-01-02_10:00:00;44;41;341.841;-118.611;21,09
2025-01-02_11:00:00;44;41;341.841;-118.611;21,42
2025-01-02_12:00:00;44;41;341.841;-118.611;22,32
2025-01-02_13:00:00;44;41;341.841;-118.611;23,18
2025-01-02_14:00:00;44;41;341.841;-118.611;24,42
2025-01-02_15:00:00;44;41;341.841;-118.611;24,39
2025-01-02_16:00:00;44;41;341.841;-118.611;23,29
2025-01-02_17:00:00;44;41;341.841;-118.611;20,46
2025-01-02_18:00:00;44;41;341.841;-118.611;17,75
2025-01-02_19:00:00;44;41;341.841;-118.611;16,28
2025-01-02_20:00:00;44;41;341.841;-118.611;14,63
2025-01-02_21:00:00;44;41;341.841;-118.611;13,57
2025-01-02_22:00:00;44;41;341.841;-118.611;13,38
2025-01-02_23:00:00;44;41;341.841;-118.611;13,33
2025-01-03_00:00:00;44;41;341.841;-118.611;13,66
2025-01-03_01:00:00;44;41;341.841;-118.611;15,30
2025-01-03_02:00:00;44;41;341.841;-118.611;15,68
2025-01-03_03:00:00;44;41;341.841;-118.611;16,29
2025-01-03_04:00:00;44;41;341.841;-118.611;16,41
2025-01-03_05:00:00;44;41;341.841;-118.611;16,54
2025-01-03_06:00:00;44;41;341.841;-118.611;23,70
2025-01-03_07:00:00;44;41;341.841;-118.611;30,03
2025-01-03_08:00:00;44;41;341.841;-118.611;25,18
2025-01-03_09:00:00;44;41;341.841;-118.611;21,79
2025-01-03_10:00:00;44;41;341.841;-118.611;20,61
2025-01-03_11:00:00;44;41;341.841;-118.611;21,44
2025-01-03_12:00:00;44;41;341.841;-118.611;23,54
2025-01-03_13:00:00;44;41;341.841;-118.611;23,52
2025-01-03_14:00:00;44;41;341.841;-118.611;21,99
2025-01-03_15:00:00;44;41;341.841;-118.611;21,88
2025-01-03_16:00:00;44;41;341.841;-118.611;21,75
2025-01-03_17:00:00;44;41;341.841;-118.611;20,87
2025-01-03_18:00:00;44;41;341.841;-118.611;23,02
2025-01-03_19:00:00;44;41;341.841;-118.611;25,00
2025-01-03_20:00:00;44;41;341.841;-118.611;28,33
2025-01-03_21:00:00;44;41;341.841;-118.611;31,20
2025-01-03_22:00:00;44;41;341.841;-118.611;29,82
2025-01-03_23:00:00;44;41;341.841;-118.611;35,07
2025-01-04_00:00:00;44;41;341.841;-118.611;27,74
2025-01-04_01:00:00;44;41;341.841;-118.611;37,37
2025-01-04_02:00:00;44;41;341.841;-118.611;63,99
2025-01-04_03:00:00;44;41;341.841;-118.611;60,61
2025-01-04_04:00:00;44;41;341.841;-118.611;61,39
2025-01-04_05:00:00;44;41;341.841;-118.611;55,85
2025-01-04_06:00:00;44;41;341.841;-118.611;57,32
2025-01-04_07:00:00;44;41;341.841;-118.611;71,26
2025-01-04_08:00:00;44;41;341.841;-118.611;90,29
2025-01-04_09:00:00;44;41;341.841;-118.611;85,90
2025-01-04_10:00:00;44;41;341.841;-118.611;66,82
2025-01-04_11:00:00;44;41;341.841;-118.611;61,33
2025-01-04_12:00:00;44;41;341.841;-118.611;49,33
2025-01-04_13:00:00;44;41;341.841;-118.611;51,85
2025-01-04_14:00:00;44;41;341.841;-118.611;62,33
2025-01-04_15:00:00;44;41;341.841;-118.611;66,69
2025-01-04_16:00:00;44;41;341.841;-118.611;61,83
2025-01-04_17:00:00;44;41;341.841;-118.611;46,87
2025-01-04_18:00:00;44;41;341.841;-118.611;44,74
2025-01-04_19:00:00;44;41;341.841;-118.611;41,33
2025-01-04_20:00:00;44;41;341.841;-118.611;31,73
2025-01-04_21:00:00;44;41;341.841;-118.611;28,51
2025-01-04_22:00:00;44;41;341.841;-118.611;32,05
2025-01-04_23:00:00;44;41;341.841;-118.611;34,62
2025-01-05_00:00:00;44;41;341.841;-118.611;35,06
2025-01-05_01:00:00;44;41;341.841;-118.611;35,65
2025-01-05_02:00:00;44;41;341.841;-118.611;36,68
2025-01-05_03:00:00;44;41;341.841;-118.611;41,55
2025-01-05_04:00:00;44;41;341.841;-118.611;47,83
2025-01-05_05:00:00;44;41;341.841;-118.611;51,91
2025-01-05_06:00:00;44;41;341.841;-118.611;53,48
2025-01-05_07:00:00;44;41;341.841;-118.611;54,65
2025-01-05_08:00:00;44;41;341.841;-118.611;49,28
2025-01-05_09:00:00;44;41;341.841;-118.611;45,17
2025-01-05_10:00:00;44;41;341.841;-118.611;42,19
2025-01-05_11:00:00;44;41;341.841;-118.611;39,50
2025-01-05_12:00:00;44;41;341.841;-118.611;36,48
2025-01-05_13:00:00;44;41;341.841;-118.611;35,96
2025-01-05_14:00:00;44;41;341.841;-118.611;35,19
2025-01-05_15:00:00;44;41;341.841;-118.611;32,30
2025-01-05_16:00:00;44;41;341.841;-118.611;28,91
2025-01-05_17:00:00;44;41;341.841;-118.611;25,10
2025-01-05_18:00:00;44;41;341.841;-118.611;20,49
2025-01-05_19:00:00;44;41;341.841;-118.611;16,48
2025-01-05_20:00:00;44;41;341.841;-118.611;14,79
2025-01-05_21:00:00;44;41;341.841;-118.611;14,19
2025-01-05_22:00:00;44;41;341.841;-118.611;14,67
2025-01-05_23:00:00;44;41;341.841;-118.611;14,44
2025-01-06_00:00:00;44;41;341.841;-118.611;19,25
2025-01-06_01:00:00;44;41;341.841;-118.611;21,18
2025-01-06_02:00:00;44;41;341.841;-118.611;15,94
2025-01-06_03:00:00;44;41;341.841;-118.611;18,41
2025-01-06_04:00:00;44;41;341.841;-118.611;20,27
2025-01-06_05:00:00;44;41;341.841;-118.611;23,14
2025-01-06_06:00:00;44;41;341.841;-118.611;22,78
2025-01-06_07:00:00;44;41;341.841;-118.611;22,23
2025-01-06_08:00:00;44;41;341.841;-118.611;22,94
2025-01-06_09:00:00;44;41;341.841;-118.611;23,82
2025-01-06_10:00:00;44;41;341.841;-118.611;24,99
2025-01-06_11:00:00;44;41;341.841;-118.611;25,91
2025-01-06_12:00:00;44;41;341.841;-118.611;27,36
2025-01-06_13:00:00;44;41;341.841;-118.611;27,46
2025-01-06_14:00:00;44;41;341.841;-118.611;26,53
2025-01-06_15:00:00;44;41;341.841;-118.611;25,43
2025-01-06_16:00:00;44;41;341.841;-118.611;25,67
2025-01-06_17:00:00;44;41;341.841;-118.611;24,02
2025-01-06_18:00:00;44;41;341.841;-118.611;22,28
2025-01-06_19:00:00;44;41;341.841;-118.611;19,10
2025-01-06_20:00:00;44;41;341.841;-118.611;20,79
2025-01-06_21:00:00;44;41;341.841;-118.611;18,27
2025-01-06_22:00:00;44;41;341.841;-118.611;19,39
2025-01-06_23:00:00;44;41;341.841;-118.611;21,39
2025-01-07_00:00:00;44;41;341.841;-118.611;28,64
2025-01-07_01:00:00;44;41;341.841;-118.611;30,71
2025-01-07_02:00:00;44;41;341.841;-118.611;34,03
2025-01-07_03:00:00;44;41;341.841;-118.611;38,21
2025-01-07_04:00:00;44;41;341.841;-118.611;38,89
2025-01-07_05:00:00;44;41;341.841;-118.611;39,12
2025-01-07_06:00:00;44;41;341.841;-118.611;39,59
2025-01-07_07:00:00;44;41;341.841;-118.611;44,69
2025-01-07_08:00:00;44;41;341.841;-118.611;50,43
2025-01-07_09:00:00;44;41;341.841;-118.611;51,84
2025-01-07_10:00:00;44;41;341.841;-118.611;52,52
2025-01-07_11:00:00;44;41;341.841;-118.611;53,51
2025-01-07_12:00:00;44;41;341.841;-118.611;52,91
2025-01-07_13:00:00;44;41;341.841;-118.611;45,94
2025-01-07_14:00:00;44;41;341.841;-118.611;44,24
2025-01-07_15:00:00;44;41;341.841;-118.611;46,98
2025-01-07_16:00:00;44;41;341.841;-118.611;44,10
2025-01-07_17:00:00;44;41;341.841;-118.611;38,79
2025-01-07_18:00:00;44;41;341.841;-118.611;35,14
2025-01-07_19:00:00;44;41;341.841;-118.611;32,13
2025-01-07_20:00:00;44;41;341.841;-118.611;25,12
2025-01-07_21:00:00;44;41;341.841;-118.611;22,57
2025-01-07_22:00:00;44;41;341.841;-118.611;19,36
2025-01-07_23:00:00;44;41;341.841;-118.611;18,11
2025-01-08_00:00:00;44;41;341.841;-118.611;17,39
2025-01-08_01:00:00;44;41;341.841;-118.611;17,62
2025-01-08_02:00:00;44;41;341.841;-118.611;54,18
2025-01-08_03:00:00;44;41;341.841;-118.611;50,76
2025-01-08_04:00:00;44;41;341.841;-118.611;43,46
2025-01-08_05:00:00;44;41;341.841;-118.611;25,55
2025-01-08_06:00:00;44;41;341.841;-118.611;25,49
2025-01-08_07:00:00;44;41;341.841;-118.611;26,07
2025-01-08_08:00:00;44;41;341.841;-118.611;22,16
2025-01-08_09:00:00;44;41;341.841;-118.611;21,17
2025-01-08_10:00:00;44;41;341.841;-118.611;20,91
2025-01-08_11:00:00;44;41;341.841;-118.611;20,72
2025-01-08_12:00:00;44;41;341.841;-118.611;20,97
2025-01-08_13:00:00;44;41;341.841;-118.611;20,75
2025-01-08_14:00:00;44;41;341.841;-118.611;21,39
2025-01-08_15:00:00;44;41;341.841;-118.611;22,42
2025-01-08_16:00:00;44;41;341.841;-118.611;23,81
2025-01-08_17:00:00;44;41;341.841;-118.611;22,51
2025-01-08_18:00:00;44;41;341.841;-118.611;19,63
2025-01-08_19:00:00;44;41;341.841;-118.611;15,51
2025-01-08_20:00:00;44;41;341.841;-118.611;13,50
2025-01-08_21:00:00;44;41;341.841;-118.611;11,67
2025-01-08_22:00:00;44;41;341.841;-118.611;10,33
2025-01-08_23:00:00;44;41;341.841;-118.611;8,79
2025-01-09_00:00:00;44;41;341.841;-118.611;8,76
2025-01-09_01:00:00;44;41;341.841;-118.611;9,46
2025-01-09_02:00:00;44;41;341.841;-118.611;11,20
2025-01-09_03:00:00;44;41;341.841;-118.611;28,67
2025-01-09_04:00:00;44;41;341.841;-118.611;19,11
2025-01-09_05:00:00;44;41;341.841;-118.611;14,97
2025-01-09_06:00:00;44;41;341.841;-118.611;14,58
2025-01-09_07:00:00;44;41;341.841;-118.611;14,09
2025-01-09_08:00:00;44;41;341.841;-118.611;14,43
2025-01-09_09:00:00;44;41;341.841;-118.611;15,24
2025-01-09_10:00:00;44;41;341.841;-118.611;19,48
2025-01-09_11:00:00;44;41;341.841;-118.611;15,40
2025-01-09_12:00:00;44;41;341.841;-118.611;13,57
2025-01-09_13:00:00;44;41;341.841;-118.611;12,34
2025-01-09_14:00:00;44;41;341.841;-118.611;12,18
2025-01-09_15:00:00;44;41;341.841;-118.611;11,80
2025-01-09_16:00:00;44;41;341.841;-118.611;11,75
2025-01-09_17:00:00;44;41;341.841;-118.611;12,50
2025-01-09_18:00:00;44;41;341.841;-118.611;11,95
2025-01-09_19:00:00;44;41;341.841;-118.611;10,55
2025-01-09_20:00:00;44;41;341.841;-118.611;9,91
2025-01-09_21:00:00;44;41;341.841;-118.611;9,72
2025-01-09_22:00:00;44;41;341.841;-118.611;8,59
2025-01-09_23:00:00;44;41;341.841;-118.611;8,00
2025-01-10_00:00:00;44;41;341.841;-118.611;8,57
2025-01-10_01:00:00;44;41;341.841;-118.611;8,89
2025-01-10_02:00:00;44;41;341.841;-118.611;8,47
2025-01-10_03:00:00;44;41;341.841;-118.611;9,01
2025-01-10_04:00:00;44;41;341.841;-118.611;10,39
2025-01-10_05:00:00;44;41;341.841;-118.611;10,61
2025-01-10_06:00:00;44;41;341.841;-118.611;14,03
2025-01-10_07:00:00;44;41;341.841;-118.611;15,63
2025-01-10_08:00:00;44;41;341.841;-118.611;16,59
2025-01-10_09:00:00;44;41;341.841;-118.611;16,47
2025-01-10_10:00:00;44;41;341.841;-118.611;16,59
2025-01-10_11:00:00;44;41;341.841;-118.611;17,18
2025-01-10_12:00:00;44;41;341.841;-118.611;18,21
2025-01-10_13:00:00;44;41;341.841;-118.611;18,71
2025-01-10_14:00:00;44;41;341.841;-118.611;19,42
2025-01-10_15:00:00;44;41;341.841;-118.611;20,04
2025-01-10_16:00:00;44;41;341.841;-118.611;19,58
2025-01-10_17:00:00;44;41;341.841;-118.611;18,09
2025-01-10_18:00:00;44;41;341.841;-118.611;15,45
2025-01-10_19:00:00;44;41;341.841;-118.611;12,99
2025-01-10_20:00:00;44;41;341.841;-118.611;11,72
2025-01-10_21:00:00;44;41;341.841;-118.611;11,12
2025-01-10_22:00:00;44;41;341.841;-118.611;10,40
2025-01-10_23:00:00;44;41;341.841;-118.611;9,63
2025-01-11_00:00:00;44;41;341.841;-118.611;9,04
2025-01-11_01:00:00;44;41;341.841;-118.611;11,69
2025-01-11_02:00:00;44;41;341.841;-118.611;15,28
2025-01-11_03:00:00;44;41;341.841;-118.611;18,62
2025-01-11_04:00:00;44;41;341.841;-118.611;19,37
2025-01-11_05:00:00;44;41;341.841;-118.611;20,12
2025-01-11_06:00:00;44;41;341.841;-118.611;17,47
2025-01-11_07:00:00;44;41;341.841;-118.611;19,22
2025-01-11_08:00:00;44;41;341.841;-118.611;16,16
2025-01-11_09:00:00;44;41;341.841;-118.611;19,63
2025-01-11_10:00:00;44;41;341.841;-118.611;46,98
2025-01-11_11:00:00;44;41;341.841;-118.611;46,27
2025-01-11_12:00:00;44;41;341.841;-118.611;34,21
2025-01-11_13:00:00;44;41;341.841;-118.611;32,14
2025-01-11_14:00:00;44;41;341.841;-118.611;31,79
2025-01-11_15:00:00;44;41;341.841;-118.611;25,04
2025-01-11_16:00:00;44;41;341.841;-118.611;24,19
2025-01-11_17:00:00;44;41;341.841;-118.611;15,99
2025-01-11_18:00:00;44;41;341.841;-118.611;14,03
2025-01-11_19:00:00;44;41;341.841;-118.611;13,85
2025-01-11_20:00:00;44;41;341.841;-118.611;15,01
2025-01-11_21:00:00;44;41;341.841;-118.611;14,59
2025-01-11_22:00:00;44;41;341.841;-118.611;15,54
2025-01-11_23:00:00;44;41;341.841;-118.611;14,73
2025-01-12_00:00:00;44;41;341.841;-118.611;11,01
2025-01-12_01:00:00;44;41;341.841;-118.611;20,82
2025-01-12_02:00:00;44;41;341.841;-118.611;36,45
2025-01-12_03:00:00;44;41;341.841;-118.611;37,53
2025-01-12_04:00:00;44;41;341.841;-118.611;37,97
2025-01-12_05:00:00;44;41;341.841;-118.611;39,32
2025-01-12_06:00:00;44;41;341.841;-118.611;32,26
2025-01-12_07:00:00;44;41;341.841;-118.611;23,87
2025-01-12_08:00:00;44;41;341.841;-118.611;20,10
2025-01-12_09:00:00;44;41;341.841;-118.611;18,90
2025-01-12_10:00:00;44;41;341.841;-118.611;17,56
2025-01-12_11:00:00;44;41;341.841;-118.611;17,15
2025-01-12_12:00:00;44;41;341.841;-118.611;17,53
2025-01-12_13:00:00;44;41;341.841;-118.611;18,67
2025-01-12_14:00:00;44;41;341.841;-118.611;20,10
2025-01-12_15:00:00;44;41;341.841;-118.611;20,97
2025-01-12_16:00:00;44;41;341.841;-118.611;20,49
2025-01-12_17:00:00;44;41;341.841;-118.611;18,78
2025-01-12_18:00:00;44;41;341.841;-118.611;16,51
2025-01-12_19:00:00;44;41;341.841;-118.611;14,84
2025-01-12_20:00:00;44;41;341.841;-118.611;13,11
2025-01-12_21:00:00;44;41;341.841;-118.611;12,28
2025-01-12_22:00:00;44;41;341.841;-118.611;11,34
2025-01-12_23:00:00;44;41;341.841;-118.611;11,54
2025-01-13_00:00:00;44;41;341.841;-118.611;11,89
2025-01-13_01:00:00;44;41;341.841;-118.611;12,97
2025-01-13_02:00:00;44;41;341.841;-118.611;15,12
2025-01-13_03:00:00;44;41;341.841;-118.611;15,65
2025-01-13_04:00:00;44;41;341.841;-118.611;17,63
2025-01-13_05:00:00;44;41;341.841;-118.611;17,13
2025-01-13_06:00:00;44;41;341.841;-118.611;14,62
2025-01-13_07:00:00;44;41;341.841;-118.611;15,03
2025-01-13_08:00:00;44;41;341.841;-118.611;17,33
2025-01-13_09:00:00;44;41;341.841;-118.611;18,61
2025-01-13_10:00:00;44;41;341.841;-118.611;19,67
2025-01-13_11:00:00;44;41;341.841;-118.611;20,00
2025-01-13_12:00:00;44;41;341.841;-118.611;20,39
2025-01-13_13:00:00;44;41;341.841;-118.611;20,32
2025-01-13_14:00:00;44;41;341.841;-118.611;21,00
2025-01-13_15:00:00;44;41;341.841;-118.611;21,75
2025-01-13_16:00:00;44;41;341.841;-118.611;21,21
2025-01-13_17:00:00;44;41;341.841;-118.611;18,01
2025-01-13_18:00:00;44;41;341.841;-118.611;16,02
2025-01-13_19:00:00;44;41;341.841;-118.611;15,36
2025-01-13_20:00:00;44;41;341.841;-118.611;14,93
2025-01-13_21:00:00;44;41;341.841;-118.611;12,91
2025-01-13_22:00:00;44;41;341.841;-118.611;12,25
2025-01-13_23:00:00;44;41;341.841;-118.611;12,40
2025-01-14_00:00:00;44;41;341.841;-118.611;12,73
2025-01-14_01:00:00;44;41;341.841;-118.611;13,33
2025-01-14_02:00:00;44;41;341.841;-118.611;14,67
2025-01-14_03:00:00;44;41;341.841;-118.611;15,81
2025-01-14_04:00:00;44;41;341.841;-118.611;13,66
2025-01-14_05:00:00;44;41;341.841;-118.611;14,00
2025-01-14_06:00:00;44;41;341.841;-118.611;19,22
2025-01-14_07:00:00;44;41;341.841;-118.611;19,99
2025-01-14_08:00:00;44;41;341.841;-118.611;21,08
2025-01-14_09:00:00;44;41;341.841;-118.611;21,63
2025-01-14_10:00:00;44;41;341.841;-118.611;21,53
2025-01-14_11:00:00;44;41;341.841;-118.611;21,10
2025-01-14_12:00:00;44;41;341.841;-118.611;20,12
2025-01-14_13:00:00;44;41;341.841;-118.611;20,53
2025-01-14_14:00:00;44;41;341.841;-118.611;20,17
2025-01-14_15:00:00;44;41;341.841;-118.611;20,62
2025-01-14_16:00:00;44;41;341.841;-118.611;19,48
2025-01-14_17:00:00;44;41;341.841;-118.611;17,09
2025-01-14_18:00:00;44;41;341.841;-118.611;14,36
2025-01-14_19:00:00;44;41;341.841;-118.611;12,52
2025-01-14_20:00:00;44;41;341.841;-118.611;13,18
2025-01-14_21:00:00;44;41;341.841;-118.611;12,38
2025-01-14_22:00:00;44;41;341.841;-118.611;11,96
2025-01-14_23:00:00;44;41;341.841;-118.611;11,92
2025-01-15_00:00:00;44;41;341.841;-118.611;12,44
2025-01-15_01:00:00;44;41;341.841;-118.611;13,22
2025-01-15_02:00:00;44;41;341.841;-118.611;14,03
2025-01-15_03:00:00;44;41;341.841;-118.611;14,90
2025-01-15_04:00:00;44;41;341.841;-118.611;15,73
2025-01-15_05:00:00;44;41;341.841;-118.611;16,50
2025-01-15_06:00:00;44;41;341.841;-118.611;17,45
2025-01-15_07:00:00;44;41;341.841;-118.611;19,35
2025-01-15_08:00:00;44;41;341.841;-118.611;20,67
2025-01-15_09:00:00;44;41;341.841;-118.611;22,25
2025-01-15_10:00:00;44;41;341.841;-118.611;22,22
2025-01-15_11:00:00;44;41;341.841;-118.611;21,98
2025-01-15_12:00:00;44;41;341.841;-118.611;21,10
2025-01-15_13:00:00;44;41;341.841;-118.611;20,48
2025-01-15_14:00:00;44;41;341.841;-118.611;20,18
2025-01-15_15:00:00;44;41;341.841;-118.611;21,13
2025-01-15_16:00:00;44;41;341.841;-118.611;21,27
2025-01-15_17:00:00;44;41;341.841;-118.611;18,59
2025-01-15_18:00:00;44;41;341.841;-118.611;17,33
2025-01-15_19:00:00;44;41;341.841;-118.611;15,27
2025-01-15_20:00:00;44;41;341.841;-118.611;12,52
2025-01-15_21:00:00;44;41;341.841;-118.611;10,95
2025-01-15_22:00:00;44;41;341.841;-118.611;11,91
2025-01-15_23:00:00;44;41;341.841;-118.611;11,00
2025-01-16_00:00:00;44;41;341.841;-118.611;16,33
2025-01-16_01:00:00;44;41;341.841;-118.611;16,39
2025-01-16_02:00:00;44;41;341.841;-118.611;15,09
2025-01-16_03:00:00;44;41;341.841;-118.611;14,15
2025-01-16_04:00:00;44;41;341.841;-118.611;14,56
2025-01-16_05:00:00;44;41;341.841;-118.611;14,46
2025-01-16_06:00:00;44;41;341.841;-118.611;13,31
2025-01-16_07:00:00;44;41;341.841;-118.611;17,34
2025-01-16_08:00:00;44;41;341.841;-118.611;18,56
2025-01-16_09:00:00;44;41;341.841;-118.611;19,10
2025-01-16_10:00:00;44;41;341.841;-118.611;18,86
2025-01-16_11:00:00;44;41;341.841;-118.611;19,04
2025-01-16_12:00:00;44;41;341.841;-118.611;18,91
2025-01-16_13:00:00;44;41;341.841;-118.611;18,81
2025-01-16_14:00:00;44;41;341.841;-118.611;18,53
2025-01-16_15:00:00;44;41;341.841;-118.611;18,31
2025-01-16_16:00:00;44;41;341.841;-118.611;17,63
2025-01-16_17:00:00;44;41;341.841;-118.611;16,34
2025-01-16_18:00:00;44;41;341.841;-118.611;14,06
2025-01-16_19:00:00;44;41;341.841;-118.611;12,29
2025-01-16_20:00:00;44;41;341.841;-118.611;10,67
2025-01-16_21:00:00;44;41;341.841;-118.611;12,71
2025-01-16_22:00:00;44;41;341.841;-118.611;14,95
2025-01-16_23:00:00;44;41;341.841;-118.611;16,84
2025-01-17_00:00:00;44;41;341.841;-118.611;16,87
2025-01-17_01:00:00;44;41;341.841;-118.611;20,07
2025-01-17_02:00:00;44;41;341.841;-118.611;32,47
2025-01-17_03:00:00;44;41;341.841;-118.611;34,78
2025-01-17_04:00:00;44;41;341.841;-118.611;37,30
2025-01-17_05:00:00;44;41;341.841;-118.611;35,90
2025-01-17_06:00:00;44;41;341.841;-118.611;80,03
2025-01-17_07:00:00;44;41;341.841;-118.611;97,81
2025-01-17_08:00:00;44;41;341.841;-118.611;99,02
2025-01-17_09:00:00;44;41;341.841;-118.611;95,97
2025-01-17_10:00:00;44;41;341.841;-118.611;95,83
2025-01-17_11:00:00;44;41;341.841;-118.611;95,58
2025-01-17_12:00:00;44;41;341.841;-118.611;92,60
2025-01-17_13:00:00;44;41;341.841;-118.611;86,15
2025-01-17_14:00:00;44;41;341.841;-118.611;84,73
2025-01-17_15:00:00;44;41;341.841;-118.611;86,77
2025-01-17_16:00:00;44;41;341.841;-118.611;84,48
2025-01-17_17:00:00;44;41;341.841;-118.611;78,85
2025-01-17_18:00:00;44;41;341.841;-118.611;73,53
2025-01-17_19:00:00;44;41;341.841;-118.611;67,49
2025-01-17_20:00:00;44;41;341.841;-118.611;61,72
2025-01-17_21:00:00;44;41;341.841;-118.611;58,76
2025-01-17_22:00:00;44;41;341.841;-118.611;56,51
2025-01-17_23:00:00;44;41;341.841;-118.611;54,27
2025-01-18_00:00:00;44;41;341.841;-118.611;66,49
2025-01-18_01:00:00;44;41;341.841;-118.611;67,97
2025-01-18_02:00:00;44;41;341.841;-118.611;70,83
2025-01-18_03:00:00;44;41;341.841;-118.611;73,52
2025-01-18_04:00:00;44;41;341.841;-118.611;74,07
2025-01-18_05:00:00;44;41;341.841;-118.611;80,75
2025-01-18_06:00:00;44;41;341.841;-118.611;92,83
2025-01-18_07:00:00;44;41;341.841;-118.611;97,61
2025-01-18_08:00:00;44;41;341.841;-118.611;97,79
2025-01-18_09:00:00;44;41;341.841;-118.611;95,30
2025-01-18_10:00:00;44;41;341.841;-118.611;91,95
2025-01-18_11:00:00;44;41;341.841;-118.611;81,26
2025-01-18_12:00:00;44;41;341.841;-118.611;76,67
2025-01-18_13:00:00;44;41;341.841;-118.611;74,64
2025-01-18_14:00:00;44;41;341.841;-118.611;74,48
2025-01-18_15:00:00;44;41;341.841;-118.611;75,55
2025-01-18_16:00:00;44;41;341.841;-118.611;74,10
2025-01-18_17:00:00;44;41;341.841;-118.611;72,25
2025-01-18_18:00:00;44;41;341.841;-118.611;67,16
2025-01-18_19:00:00;44;41;341.841;-118.611;57,47
2025-01-18_20:00:00;44;41;341.841;-118.611;48,60
2025-01-18_21:00:00;44;41;341.841;-118.611;42,41
2025-01-18_22:00:00;44;41;341.841;-118.611;43,33
2025-01-18_23:00:00;44;41;341.841;-118.611;60,96
2025-01-19_00:00:00;44;41;341.841;-118.611;64,71
2025-01-19_01:00:00;44;41;341.841;-118.611;68,41
2025-01-19_02:00:00;44;41;341.841;-118.611;73,75
2025-01-19_03:00:00;44;41;341.841;-118.611;77,08
2025-01-19_04:00:00;44;41;341.841;-118.611;79,53
2025-01-19_05:00:00;44;41;341.841;-118.611;79,53
2025-01-19_06:00:00;44;41;341.841;-118.611;77,75
2025-01-19_07:00:00;44;41;341.841;-118.611;76,73
2025-01-19_08:00:00;44;41;341.841;-118.611;81,52
2025-01-19_09:00:00;44;41;341.841;-118.611;81,96
2025-01-19_10:00:00;44;41;341.841;-118.611;81,27
2025-01-19_11:00:00;44;41;341.841;-118.611;73,13
2025-01-19_12:00:00;44;41;341.841;-118.611;64,87
2025-01-19_13:00:00;44;41;341.841;-118.611;46,29
2025-01-19_14:00:00;44;41;341.841;-118.611;37,85
2025-01-19_15:00:00;44;41;341.841;-118.611;43,39
2025-01-19_16:00:00;44;41;341.841;-118.611;51,76
2025-01-19_17:00:00;44;41;341.841;-118.611;70,13
2025-01-19_18:00:00;44;41;341.841;-118.611;72,46
2025-01-19_19:00:00;44;41;341.841;-118.611;61,97
2025-01-19_20:00:00;44;41;341.841;-118.611;54,67
2025-01-19_21:00:00;44;41;341.841;-118.611;57,70
2025-01-19_22:00:00;44;41;341.841;-118.611;65,07
2025-01-19_23:00:00;44;41;341.841;-118.611;67,64
2025-01-20_00:00:00;44;41;341.841;-118.611;64,17
2025-01-20_01:00:00;44;41;341.841;-118.611;69,63
2025-01-20_02:00:00;44;41;341.841;-118.611;72,83
2025-01-20_03:00:00;44;41;341.841;-118.611;82,22
2025-01-20_04:00:00;44;41;341.841;-118.611;86,94
2025-01-20_05:00:00;44;41;341.841;-118.611;87,63
2025-01-20_06:00:00;44;41;341.841;-118.611;84,01
2025-01-20_07:00:00;44;41;341.841;-118.611;82,04
2025-01-20_08:00:00;44;41;341.841;-118.611;83,12
2025-01-20_09:00:00;44;41;341.841;-118.611;96,36
2025-01-20_10:00:00;44;41;341.841;-118.611;99,15
2025-01-20_11:00:00;44;41;341.841;-118.611;100,00
2025-01-20_12:00:00;44;41;341.841;-118.611;100,00
2025-01-20_13:00:00;44;41;341.841;-118.611;54,73
2025-01-20_14:00:00;44;41;341.841;-118.611;42,41
2025-01-20_15:00:00;44;41;341.841;-118.611;37,66
2025-01-20_16:00:00;44;41;341.841;-118.611;33,30
2025-01-20_17:00:00;44;41;341.841;-118.611;25,08
2025-01-20_18:00:00;44;41;341.841;-118.611;19,02
2025-01-20_19:00:00;44;41;341.841;-118.611;14,36
2025-01-20_20:00:00;44;41;341.841;-118.611;12,49
2025-01-20_21:00:00;44;41;341.841;-118.611;11,50
2025-01-20_22:00:00;44;41;341.841;-118.611;11,24
2025-01-20_23:00:00;44;41;341.841;-118.611;10,46
2025-01-21_00:00:00;44;41;341.841;-118.611;10,66
2025-01-21_01:00:00;44;41;341.841;-118.611;9,91
2025-01-21_02:00:00;44;41;341.841;-118.611;10,90
2025-01-21_03:00:00;44;41;341.841;-118.611;11,50
2025-01-21_04:00:00;44;41;341.841;-118.611;11,58
2025-01-21_05:00:00;44;41;341.841;-118.611;11,64
2025-01-21_06:00:00;44;41;341.841;-118.611;13,36
2025-01-21_07:00:00;44;41;341.841;-118.611;14,00
2025-01-21_08:00:00;44;41;341.841;-118.611;13,57
2025-01-21_09:00:00;44;41;341.841;-118.611;13,08
2025-01-21_10:00:00;44;41;341.841;-118.611;12,29
2025-01-21_11:00:00;44;41;341.841;-118.611;12,57
2025-01-21_12:00:00;44;41;341.841;-118.611;12,85
2025-01-21_13:00:00;44;41;341.841;-118.611;12,21
2025-01-21_14:00:00;44;41;341.841;-118.611;12,01
2025-01-21_15:00:00;44;41;341.841;-118.611;11,85
2025-01-21_16:00:00;44;41;341.841;-118.611;11,79
2025-01-21_17:00:00;44;41;341.841;-118.611;10,93
2025-01-21_18:00:00;44;41;341.841;-118.611;10,12
2025-01-21_19:00:00;44;41;341.841;-118.611;9,06
2025-01-21_20:00:00;44;41;341.841;-118.611;8,46
2025-01-21_21:00:00;44;41;341.841;-118.611;6,85
2025-01-21_22:00:00;44;41;341.841;-118.611;6,30
2025-01-21_23:00:00;44;41;341.841;-118.611;5,73
2025-01-22_00:00:00;44;41;341.841;-118.611;5,55
2025-01-22_01:00:00;44;41;341.841;-118.611;5,97
2025-01-22_02:00:00;44;41;341.841;-118.611;6,26
2025-01-22_03:00:00;44;41;341.841;-118.611;5,91
2025-01-22_04:00:00;44;41;341.841;-118.611;6,38
2025-01-22_05:00:00;44;41;341.841;-118.611;6,14
2025-01-22_06:00:00;44;41;341.841;-118.611;6,62
2025-01-22_07:00:00;44;41;341.841;-118.611;7,17
2025-01-22_08:00:00;44;41;341.841;-118.611;7,53
2025-01-22_09:00:00;44;41;341.841;-118.611;7,46
2025-01-22_10:00:00;44;41;341.841;-118.611;7,30
2025-01-22_11:00:00;44;41;341.841;-118.611;7,24
2025-01-22_12:00:00;44;41;341.841;-118.611;7,29
2025-01-22_13:00:00;44;41;341.841;-118.611;7,43
2025-01-22_14:00:00;44;41;341.841;-118.611;7,68
2025-01-22_15:00:00;44;41;341.841;-118.611;7,93
2025-01-22_16:00:00;44;41;341.841;-118.611;7,48
2025-01-22_17:00:00;44;41;341.841;-118.611;6,67
2025-01-22_18:00:00;44;41;341.841;-118.611;5,90
2025-01-22_19:00:00;44;41;341.841;-118.611;5,33
2025-01-22_20:00:00;44;41;341.841;-118.611;5,03
2025-01-22_21:00:00;44;41;341.841;-118.611;4,90
2025-01-22_22:00:00;44;41;341.841;-118.611;4,75
2025-01-22_23:00:00;44;41;341.841;-118.611;4,38
2025-01-23_00:00:00;44;41;341.841;-118.611;4,06
2025-01-23_01:00:00;44;41;341.841;-118.611;3,74
2025-01-23_02:00:00;44;41;341.841;-118.611;4,64
2025-01-23_03:00:00;44;41;341.841;-118.611;5,24
2025-01-23_04:00:00;44;41;341.841;-118.611;5,22
2025-01-23_05:00:00;44;41;341.841;-118.611;5,09
2025-01-23_06:00:00;44;41;341.841;-118.611;5,11
2025-01-23_07:00:00;44;41;341.841;-118.611;5,19
2025-01-23_08:00:00;44;41;341.841;-118.611;5,14
2025-01-23_09:00:00;44;41;341.841;-118.611;5,81
2025-01-23_10:00:00;44;41;341.841;-118.611;5,86
2025-01-23_11:00:00;44;41;341.841;-118.611;5,76
2025-01-23_12:00:00;44;41;341.841;-118.611;6,01
2025-01-23_13:00:00;44;41;341.841;-118.611;6,41
2025-01-23_14:00:00;44;41;341.841;-118.611;6,59
2025-01-23_15:00:00;44;41;341.841;-118.611;6,70
2025-01-23_16:00:00;44;41;341.841;-118.611;6,69
2025-01-23_17:00:00;44;41;341.841;-118.611;5,99
2025-01-23_18:00:00;44;41;341.841;-118.611;5,49
2025-01-23_19:00:00;44;41;341.841;-118.611;4,62
2025-01-23_20:00:00;44;41;341.841;-118.611;4,54
2025-01-23_21:00:00;44;41;341.841;-118.611;4,00
2025-01-23_22:00:00;44;41;341.841;-118.611;4,67
2025-01-23_23:00:00;44;41;341.841;-118.611;4,29
2025-01-24_00:00:00;44;41;341.841;-118.611;4,12
2025-01-24_01:00:00;44;41;341.841;-118.611;4,17
2025-01-24_02:00:00;44;41;341.841;-118.611;4,72
2025-01-24_03:00:00;44;41;341.841;-118.611;5,47
2025-01-24_04:00:00;44;41;341.841;-118.611;5,49
2025-01-24_05:00:00;44;41;341.841;-118.611;6,10
2025-01-24_06:00:00;44;41;341.841;-118.611;7,34
2025-01-24_07:00:00;44;41;341.841;-118.611;7,80
2025-01-24_08:00:00;44;41;341.841;-118.611;7,75
2025-01-24_09:00:00;44;41;341.841;-118.611;7,65
2025-01-24_10:00:00;44;41;341.841;-118.611;7,66
2025-01-24_11:00:00;44;41;341.841;-118.611;7,86
2025-01-24_12:00:00;44;41;341.841;-118.611;7,70
2025-01-24_13:00:00;44;41;341.841;-118.611;7,03
2025-01-24_14:00:00;44;41;341.841;-118.611;6,95
2025-01-24_15:00:00;44;41;341.841;-118.611;7,23
2025-01-24_16:00:00;44;41;341.841;-118.611;7,40
2025-01-24_17:00:00;44;41;341.841;-118.611;6,80
2025-01-24_18:00:00;44;41;341.841;-118.611;6,37
2025-01-24_19:00:00;44;41;341.841;-118.611;5,71
2025-01-24_20:00:00;44;41;341.841;-118.611;4,98
2025-01-24_21:00:00;44;41;341.841;-118.611;4,62
2025-01-24_22:00:00;44;41;341.841;-118.611;4,60
2025-01-24_23:00:00;44;41;341.841;-118.611;9,37
2025-01-25_00:00:00;44;41;341.841;-118.611;9,26
2025-01-25_01:00:00;44;41;341.841;-118.611;11,58
2025-01-25_02:00:00;44;41;341.841;-118.611;20,57
2025-01-25_03:00:00;44;41;341.841;-118.611;24,02
2025-01-25_04:00:00;44;41;341.841;-118.611;21,30
2025-01-25_05:00:00;44;41;341.841;-118.611;18,83
2025-01-25_06:00:00;44;41;341.841;-118.611;18,18
2025-01-25_07:00:00;44;41;341.841;-118.611;36,42
2025-01-25_08:00:00;44;41;341.841;-118.611;80,26
2025-01-25_09:00:00;44;41;341.841;-118.611;59,58
2025-01-25_10:00:00;44;41;341.841;-118.611;79,80
2025-01-25_11:00:00;44;41;341.841;-118.611;81,18
2025-01-25_12:00:00;44;41;341.841;-118.611;83,01
2025-01-25_13:00:00;44;41;341.841;-118.611;79,65
2025-01-25_14:00:00;44;41;341.841;-118.611;64,55
2025-01-25_15:00:00;44;41;341.841;-118.611;41,21
2025-01-25_16:00:00;44;41;341.841;-118.611;29,80
2025-01-25_17:00:00;44;41;341.841;-118.611;40,24
2025-01-25_18:00:00;44;41;341.841;-118.611;58,22
2025-01-25_19:00:00;44;41;341.841;-118.611;58,30
2025-01-25_20:00:00;44;41;341.841;-118.611;55,63
2025-01-25_21:00:00;44;41;341.841;-118.611;54,57
2025-01-25_22:00:00;44;41;341.841;-118.611;59,38
2025-01-25_23:00:00;44;41;341.841;-118.611;61,23
2025-01-26_00:00:00;44;41;341.841;-118.611;55,32
2025-01-26_01:00:00;44;41;341.841;-118.611;58,51
2025-01-26_02:00:00;44;41;341.841;-118.611;59,45
2025-01-26_03:00:00;44;41;341.841;-118.611;66,36
2025-01-26_04:00:00;44;41;341.841;-118.611;69,36
2025-01-26_05:00:00;44;41;341.841;-118.611;70,32
2025-01-26_06:00:00;44;41;341.841;-118.611;69,84
2025-01-26_07:00:00;44;41;341.841;-118.611;73,35
2025-01-26_08:00:00;44;41;341.841;-118.611;75,11
2025-01-26_09:00:00;44;41;341.841;-118.611;76,69
2025-01-26_10:00:00;44;41;341.841;-118.611;77,90
2025-01-26_11:00:00;44;41;341.841;-118.611;76,21
2025-01-26_12:00:00;44;41;341.841;-118.611;75,81
2025-01-26_13:00:00;44;41;341.841;-118.611;75,40
2025-01-26_14:00:00;44;41;341.841;-118.611;76,07
2025-01-26_15:00:00;44;41;341.841;-118.611;79,35
2025-01-26_16:00:00;44;41;341.841;-118.611;73,94
2025-01-26_17:00:00;44;41;341.841;-118.611;59,36
2025-01-26_18:00:00;44;41;341.841;-118.611;51,57
2025-01-26_19:00:00;44;41;341.841;-118.611;48,24
2025-01-26_20:00:00;44;41;341.841;-118.611;57,82
2025-01-26_21:00:00;44;41;341.841;-118.611;56,96
2025-01-26_22:00:00;44;41;341.841;-118.611;56,13
2025-01-26_23:00:00;44;41;341.841;-118.611;58,13
2025-01-27_00:00:00;44;41;341.841;-118.611;60,14
2025-01-27_01:00:00;44;41;341.841;-118.611;61,17
2025-01-27_02:00:00;44;41;341.841;-118.611;62,58
2025-01-27_03:00:00;44;41;341.841;-118.611;63,91
2025-01-27_04:00:00;44;41;341.841;-118.611;67,23
2025-01-27_05:00:00;44;41;341.841;-118.611;73,76
2025-01-27_06:00:00;44;41;341.841;-118.611;78,83
2025-01-27_07:00:00;44;41;341.841;-118.611;75,94
2025-01-27_08:00:00;44;41;341.841;-118.611;72,87
2025-01-27_09:00:00;44;41;341.841;-118.611;67,75
2025-01-27_10:00:00;44;41;341.841;-118.611;63,96
2025-01-27_11:00:00;44;41;341.841;-118.611;64,95
2025-01-27_12:00:00;44;41;341.841;-118.611;64,64
2025-01-27_13:00:00;44;41;341.841;-118.611;63,60
2025-01-27_14:00:00;44;41;341.841;-118.611;65,24
2025-01-27_15:00:00;44;41;341.841;-118.611;64,66
2025-01-27_16:00:00;44;41;341.841;-118.611;65,19
2025-01-27_17:00:00;44;41;341.841;-118.611;56,11
2025-01-27_18:00:00;44;41;341.841;-118.611;53,73
2025-01-27_19:00:00;44;41;341.841;-118.611;44,41
2025-01-27_20:00:00;44;41;341.841;-118.611;42,88
2025-01-27_21:00:00;44;41;341.841;-118.611;40,33
2025-01-27_22:00:00;44;41;341.841;-118.611;38,69
2025-01-27_23:00:00;44;41;341.841;-118.611;34,33
2025-01-28_00:00:00;44;41;341.841;-118.611;33,13
2025-01-28_01:00:00;44;41;341.841;-118.611;39,52
2025-01-28_02:00:00;44;41;341.841;-118.611;45,61
2025-01-28_03:00:00;44;41;341.841;-118.611;56,94
2025-01-28_04:00:00;44;41;341.841;-118.611;59,76
2025-01-28_05:00:00;44;41;341.841;-118.611;46,63
2025-01-28_06:00:00;44;41;341.841;-118.611;45,07
2025-01-28_07:00:00;44;41;341.841;-118.611;49,33
2025-01-28_08:00:00;44;41;341.841;-118.611;47,38
2025-01-28_09:00:00;44;41;341.841;-118.611;42,04
2025-01-28_10:00:00;44;41;341.841;-118.611;40,35
2025-01-28_11:00:00;44;41;341.841;-118.611;41,61
2025-01-28_12:00:00;44;41;341.841;-118.611;41,69
2025-01-28_13:00:00;44;41;341.841;-118.611;41,60
2025-01-28_14:00:00;44;41;341.841;-118.611;42,85
2025-01-28_15:00:00;44;41;341.841;-118.611;44,88
2025-01-28_16:00:00;44;41;341.841;-118.611;44,70
2025-01-28_17:00:00;44;41;341.841;-118.611;38,23
2025-01-28_18:00:00;44;41;341.841;-118.611;34,96
2025-01-28_19:00:00;44;41;341.841;-118.611;33,45
2025-01-28_20:00:00;44;41;341.841;-118.611;30,04
2025-01-28_21:00:00;44;41;341.841;-118.611;39,32
2025-01-28_22:00:00;44;41;341.841;-118.611;36,52
2025-01-28_23:00:00;44;41;341.841;-118.611;44,72
2025-01-29_00:00:00;44;41;341.841;-118.611;45,89
2025-01-29_01:00:00;44;41;341.841;-118.611;40,15
2025-01-29_02:00:00;44;41;341.841;-118.611;46,80
2025-01-29_03:00:00;44;41;341.841;-118.611;55,99
2025-01-29_04:00:00;44;41;341.841;-118.611;70,88
2025-01-29_05:00:00;44;41;341.841;-118.611;69,53
2025-01-29_06:00:00;44;41;341.841;-118.611;71,70
2025-01-29_07:00:00;44;41;341.841;-118.611;72,51
2025-01-29_08:00:00;44;41;341.841;-118.611;71,35
2025-01-29_09:00:00;44;41;341.841;-118.611;73,11
2025-01-29_10:00:00;44;41;341.841;-118.611;73,04
2025-01-29_11:00:00;44;41;341.841;-118.611;49,17
2025-01-29_12:00:00;44;41;341.841;-118.611;46,08
2025-01-29_13:00:00;44;41;341.841;-118.611;44,12
2025-01-29_14:00:00;44;41;341.841;-118.611;45,62
2025-01-29_15:00:00;44;41;341.841;-118.611;48,40
2025-01-29_16:00:00;44;41;341.841;-118.611;47,70
2025-01-29_17:00:00;44;41;341.841;-118.611;47,15
2025-01-29_18:00:00;44;41;341.841;-118.611;48,03
2025-01-29_19:00:00;44;41;341.841;-118.611;41,83
2025-01-29_20:00:00;44;41;341.841;-118.611;36,19
2025-01-29_21:00:00;44;41;341.841;-118.611;33,50
2025-01-29_22:00:00;44;41;341.841;-118.611;41,34
2025-01-29_23:00:00;44;41;341.841;-118.611;57,49
2025-01-30_00:00:00;44;41;341.841;-118.611;62,21
2025-01-30_01:00:00;44;41;341.841;-118.611;66,96
2025-01-30_02:00:00;44;41;341.841;-118.611;72,32
2025-01-30_03:00:00;44;41;341.841;-118.611;77,13
2025-01-30_04:00:00;44;41;341.841;-118.611;82,04
2025-01-30_05:00:00;44;41;341.841;-118.611;81,90
2025-01-30_06:00:00;44;41;341.841;-118.611;82,55
2025-01-30_07:00:00;44;41;341.841;-118.611;80,40
2025-01-30_08:00:00;44;41;341.841;-118.611;79,93
2025-01-30_09:00:00;44;41;341.841;-118.611;81,24
2025-01-30_10:00:00;44;41;341.841;-118.611;85,83
2025-01-30_11:00:00;44;41;341.841;-118.611;91,07
2025-01-30_12:00:00;44;41;341.841;-118.611;91,59
2025-01-30_13:00:00;44;41;341.841;-118.611;91,78
2025-01-30_14:00:00;44;41;341.841;-118.611;92,16
2025-01-30_15:00:00;44;41;341.841;-118.611;89,52
2025-01-30_16:00:00;44;41;341.841;-118.611;83,18
2025-01-30_17:00:00;44;41;341.841;-118.611;77,09
2025-01-30_18:00:00;44;41;341.841;-118.611;74,31
2025-01-30_19:00:00;44;41;341.841;-118.611;68,74
2025-01-30_20:00:00;44;41;341.841;-118.611;63,04
2025-01-30_21:00:00;44;41;341.841;-118.611;59,48
2025-01-30_22:00:00;44;41;341.841;-118.611;61,47
2025-01-30_23:00:00;44;41;341.841;-118.611;63,87
2025-01-31_00:00:00;44;41;341.841;-118.611;65,37
2025-01-31_01:00:00;44;41;341.841;-118.611;67,42
2025-01-31_02:00:00;44;41;341.841;-118.611;66,72
2025-01-31_03:00:00;44;41;341.841;-118.611;69,75
2025-01-31_04:00:00;44;41;341.841;-118.611;74,77
2025-01-31_05:00:00;44;41;341.841;-118.611;78,89
2025-01-31_06:00:00;44;41;341.841;-118.611;83,28
2025-01-31_07:00:00;44;41;341.841;-118.611;85,19
2025-01-31_08:00:00;44;41;341.841;-118.611;84,46
2025-01-31_09:00:00;44;41;341.841;-118.611;81,94
2025-01-31_10:00:00;44;41;341.841;-118.611;75,82
2025-01-31_11:00:00;44;41;341.841;-118.611;61,04
2025-01-31_12:00:00;44;41;341.841;-118.611;60,11
2025-01-31_13:00:00;44;41;341.841;-118.611;68,66
2025-01-31_14:00:00;44;41;341.841;-118.611;76,80
2025-01-31_15:00:00;44;41;341.841;-118.611;77,79
2025-01-31_16:00:00;44;41;341.841;-118.611;70,66
2025-01-31_17:00:00;44;41;341.841;-118.611;53,18
2025-01-31_18:00:00;44;41;341.841;-118.611;45,01
2025-01-31_19:00:00;44;41;341.841;-118.611;36,46
2025-01-31_20:00:00;44;41;341.841;-118.611;32,62
2025-01-31_21:00:00;44;41;341.841;-118.611;32,01
2025-01-31_22:00:00;44;41;341.841;-118.611;54,84
2025-01-31_23:00:00;44;41;341.841;-118.611;47,68
